[{
        "_id": 5054,
        "agent_id": 1987,
        "guid": "54fc8606-0630-42f9-9e3c-716772df09bf",
        "isActive": true,
        "balance": "$1,578.40",
        "age": 57,
        "eyeColor": "blue",
        "name": {
            "first": "Neva",
            "last": "Calderon"
        },
        "company": "ISOTRONIC",
        "email": "neva.calderon@isotronic.info",
        "phone": "+1 (985) 502-2956",
        "address": "573 Turner Place, Yukon, Federated States Of Micronesia, 762",
        "registered": "Wednesday, January 31, 2018 12:40 PM",
        "latitude": "76.989498",
        "longitude": "26.410977",
        "tags": [
            "eiusmod",
            "reprehenderit",
            "labore",
            "ut",
            "dolor"
        ]
    },
    {
        "_id": 8203,
        "agent_id": 467,
        "guid": "60e09079-3b7b-434a-9030-5f7f98eda232",
        "isActive": true,
        "balance": "$2,634.30",
        "age": 62,
        "eyeColor": "brown",
        "name": {
            "first": "Pope",
            "last": "Wheeler"
        },
        "company": "GEEKOLOGY",
        "email": "pope.wheeler@geekology.co.uk",
        "phone": "+1 (910) 453-2823",
        "address": "825 Cropsey Avenue, Homeworth, Puerto Rico, 7683",
        "registered": "Thursday, January 16, 2014 2:49 AM",
        "latitude": "59.528935",
        "longitude": "52.987053",
        "tags": [
            "cillum",
            "voluptate",
            "duis",
            "mollit",
            "ea"
        ]
    },
    {
        "_id": 4904,
        "agent_id": 321,
        "guid": "f5c1ffed-fd1a-450f-94a8-f2d0842de50c",
        "isActive": false,
        "balance": "$3,612.71",
        "age": 38,
        "eyeColor": "blue",
        "name": {
            "first": "Buchanan",
            "last": "Barr"
        },
        "company": "ZAPPIX",
        "email": "buchanan.barr@zappix.net",
        "phone": "+1 (932) 473-3214",
        "address": "410 Melrose Street, Chaparrito, Washington, 1367",
        "registered": "Thursday, February 11, 2016 12:17 PM",
        "latitude": "58.098824",
        "longitude": "130.811528",
        "tags": [
            "ad",
            "laboris",
            "consectetur",
            "nulla",
            "nulla"
        ]
    },
    {
        "_id": 8463,
        "agent_id": 321,
        "guid": "1ef5fafc-4499-41fd-be0b-48d289052e43",
        "isActive": true,
        "balance": "$2,280.48",
        "age": 45,
        "eyeColor": "blue",
        "name": {
            "first": "Dina",
            "last": "Moreno"
        },
        "company": "QUONK",
        "email": "dina.moreno@quonk.biz",
        "phone": "+1 (828) 478-3414",
        "address": "378 Pershing Loop, Yardville, Virgin Islands, 6929",
        "registered": "Friday, August 5, 2016 10:58 AM",
        "latitude": "57.893847",
        "longitude": "33.137927",
        "tags": [
            "ut",
            "aliqua",
            "excepteur",
            "occaecat",
            "irure"
        ]
    },
    {
        "_id": 4581,
        "agent_id": 467,
        "guid": "5a10d06a-25b4-4c13-b635-01fb3cf586e7",
        "isActive": true,
        "balance": "$2,007.45",
        "age": 47,
        "eyeColor": "blue",
        "name": {
            "first": "Bush",
            "last": "Dotson"
        },
        "company": "FROSNEX",
        "email": "bush.dotson@frosnex.ca",
        "phone": "+1 (982) 593-3989",
        "address": "150 National Drive, Rivereno, Marshall Islands, 1026",
        "registered": "Tuesday, August 14, 2018 12:48 PM",
        "latitude": "-45.013725",
        "longitude": "80.111429",
        "tags": [
            "ullamco",
            "laborum",
            "veniam",
            "eiusmod",
            "labore"
        ]
    },
    {
        "_id": 4639,
        "agent_id": 1987,
        "guid": "fb18d815-0897-4e34-8018-72cd92ca00db",
        "isActive": false,
        "balance": "$3,482.65",
        "age": 26,
        "eyeColor": "green",
        "name": {
            "first": "Ophelia",
            "last": "Wong"
        },
        "company": "CONJURICA",
        "email": "ophelia.wong@conjurica.org",
        "phone": "+1 (961) 502-2651",
        "address": "870 Hanson Place, Calpine, North Carolina, 9068",
        "registered": "Wednesday, December 20, 2017 3:07 PM",
        "latitude": "-32.500154",
        "longitude": "42.378851",
        "tags": [
            "sint",
            "exercitation",
            "dolor",
            "aliqua",
            "labore"
        ]
    },
    {
        "_id": 3643,
        "agent_id": 1987,
        "guid": "1f2c6045-da92-4ca9-a19a-f430d3e797a6",
        "isActive": false,
        "balance": "$1,429.06",
        "age": 53,
        "eyeColor": "brown",
        "name": {
            "first": "Lucas",
            "last": "Morris"
        },
        "company": "MUSIX",
        "email": "lucas.morris@musix.biz",
        "phone": "+1 (872) 455-3456",
        "address": "424 Brooklyn Road, Lewis, North Dakota, 3845",
        "registered": "Monday, November 16, 2015 9:14 PM",
        "latitude": "71.385209",
        "longitude": "6.689644",
        "tags": [
            "magna",
            "aute",
            "ea",
            "dolore",
            "fugiat"
        ]
    },
    {
        "_id": 2818,
        "agent_id": 321,
        "guid": "a84e511c-27cd-494e-b617-bd4f69acbeea",
        "isActive": false,
        "balance": "$1,687.88",
        "age": 30,
        "eyeColor": "green",
        "name": {
            "first": "Blair",
            "last": "Webb"
        },
        "company": "BLANET",
        "email": "blair.webb@blanet.me",
        "phone": "+1 (957) 418-3625",
        "address": "146 Clinton Avenue, Bayview, Vermont, 160",
        "registered": "Saturday, June 30, 2018 7:41 PM",
        "latitude": "-21.99449",
        "longitude": "106.42415",
        "tags": [
            "aliqua",
            "duis",
            "consectetur",
            "reprehenderit",
            "nulla"
        ]
    },
    {
        "_id": 2224,
        "agent_id": 101,
        "guid": "6155ad7e-20a9-45a2-b49b-406a7b87a790",
        "isActive": false,
        "balance": "$2,619.80",
        "age": 46,
        "eyeColor": "green",
        "name": {
            "first": "Petersen",
            "last": "Harper"
        },
        "company": "PHOTOBIN",
        "email": "petersen.harper@photobin.tv",
        "phone": "+1 (977) 533-3905",
        "address": "285 Sutton Street, Crayne, Kentucky, 2753",
        "registered": "Wednesday, March 16, 2016 8:16 PM",
        "latitude": "50.874561",
        "longitude": "-53.594529",
        "tags": [
            "nisi",
            "tempor",
            "ad",
            "magna",
            "amet"
        ]
    },
    {
        "_id": 3171,
        "agent_id": 101,
        "guid": "bdc09684-cd16-44be-8ac9-a4fb1db4964b",
        "isActive": true,
        "balance": "$1,242.51",
        "age": 29,
        "eyeColor": "blue",
        "name": {
            "first": "Salas",
            "last": "Walter"
        },
        "company": "ATOMICA",
        "email": "salas.walter@atomica.us",
        "phone": "+1 (816) 432-2617",
        "address": "362 Barbey Street, Manchester, Texas, 6910",
        "registered": "Friday, August 17, 2018 5:04 PM",
        "latitude": "6.421966",
        "longitude": "1.41398",
        "tags": [
            "et",
            "et",
            "tempor",
            "nostrud",
            "nisi"
        ]
    },
    {
        "_id": 3118,
        "agent_id": 101,
        "guid": "bce51f7c-0bb3-4373-976c-fa29d180d38b",
        "isActive": true,
        "balance": "$3,687.96",
        "age": 23,
        "eyeColor": "brown",
        "name": {
            "first": "James",
            "last": "Sullivan"
        },
        "company": "PERKLE",
        "email": "james.sullivan@perkle.com",
        "phone": "+1 (890) 545-2638",
        "address": "994 Calyer Street, Englevale, Ohio, 1383",
        "registered": "Monday, October 1, 2018 12:58 AM",
        "latitude": "63.128363",
        "longitude": "23.326641",
        "tags": [
            "ut",
            "sint",
            "laborum",
            "eiusmod",
            "ipsum"
        ]
    },
    {
        "_id": 4083,
        "agent_id": 321,
        "guid": "08e33cbd-6a50-4b47-b31d-cce8be93cee6",
        "isActive": true,
        "balance": "$3,078.38",
        "age": 56,
        "eyeColor": "green",
        "name": {
            "first": "Gracie",
            "last": "Grant"
        },
        "company": "PREMIANT",
        "email": "gracie.grant@premiant.name",
        "phone": "+1 (936) 495-3220",
        "address": "477 Tiffany Place, Austinburg, Missouri, 3492",
        "registered": "Wednesday, January 4, 2017 2:00 AM",
        "latitude": "49.685809",
        "longitude": "65.923656",
        "tags": [
            "irure",
            "cillum",
            "est",
            "non",
            "adipisicing"
        ]
    },
    {
        "_id": 6774,
        "agent_id": 467,
        "guid": "e5cb2158-10e9-4168-aa38-75c30406cede",
        "isActive": false,
        "balance": "$1,506.99",
        "age": 33,
        "eyeColor": "green",
        "name": {
            "first": "Hope",
            "last": "Fuentes"
        },
        "company": "ECRATER",
        "email": "hope.fuentes@ecrater.info",
        "phone": "+1 (871) 568-3636",
        "address": "603 George Street, Oneida, Illinois, 5063",
        "registered": "Tuesday, March 7, 2017 12:39 AM",
        "latitude": "-7.713686",
        "longitude": "133.666001",
        "tags": [
            "labore",
            "occaecat",
            "proident",
            "labore",
            "voluptate"
        ]
    },
    {
        "_id": 2754,
        "agent_id": 321,
        "guid": "d6ac8da4-b1ca-48ac-bd01-d8f95652ed77",
        "isActive": true,
        "balance": "$1,703.00",
        "age": 20,
        "eyeColor": "brown",
        "name": {
            "first": "Phoebe",
            "last": "Harding"
        },
        "company": "BILLMED",
        "email": "phoebe.harding@billmed.co.uk",
        "phone": "+1 (886) 408-2479",
        "address": "160 Hampton Avenue, Mulino, Indiana, 4899",
        "registered": "Thursday, January 30, 2014 3:20 PM",
        "latitude": "-44.048841",
        "longitude": "36.806523",
        "tags": [
            "ad",
            "occaecat",
            "laboris",
            "esse",
            "exercitation"
        ]
    },
    {
        "_id": 9616,
        "agent_id": 1987,
        "guid": "91372338-f020-4c59-9f5f-6df39040dd17",
        "isActive": false,
        "balance": "$3,428.29",
        "age": 52,
        "eyeColor": "brown",
        "name": {
            "first": "Oconnor",
            "last": "Campos"
        },
        "company": "ZILLAN",
        "email": "oconnor.campos@zillan.net",
        "phone": "+1 (928) 557-2017",
        "address": "605 Farragut Road, Cowiche, New Jersey, 460",
        "registered": "Saturday, January 9, 2016 9:45 PM",
        "latitude": "37.857089",
        "longitude": "-155.562363",
        "tags": [
            "proident",
            "exercitation",
            "voluptate",
            "dolor",
            "do"
        ]
    },
    {
        "_id": 4389,
        "agent_id": 321,
        "guid": "fd953594-3150-4677-9efd-0833c5621245",
        "isActive": true,
        "balance": "$2,498.38",
        "age": 25,
        "eyeColor": "brown",
        "name": {
            "first": "Shaffer",
            "last": "Church"
        },
        "company": "MEDIFAX",
        "email": "shaffer.church@medifax.biz",
        "phone": "+1 (989) 572-2039",
        "address": "249 Vine Street, Groveville, Delaware, 6219",
        "registered": "Tuesday, January 1, 2019 10:45 AM",
        "latitude": "83.463017",
        "longitude": "-94.037938",
        "tags": [
            "do",
            "ea",
            "minim",
            "in",
            "aliqua"
        ]
    },
    {
        "_id": 6711,
        "agent_id": 321,
        "guid": "0ce13218-29f5-4102-afae-f705925bfd1c",
        "isActive": false,
        "balance": "$3,930.59",
        "age": 31,
        "eyeColor": "blue",
        "name": {
            "first": "Langley",
            "last": "Marks"
        },
        "company": "NEPTIDE",
        "email": "langley.marks@neptide.ca",
        "phone": "+1 (983) 599-2017",
        "address": "547 Glendale Court, Elliston, Alabama, 1765",
        "registered": "Tuesday, April 18, 2017 8:38 AM",
        "latitude": "27.365016",
        "longitude": "81.045444",
        "tags": [
            "velit",
            "adipisicing",
            "officia",
            "exercitation",
            "qui"
        ]
    },
    {
        "_id": 3027,
        "agent_id": 1987,
        "guid": "66200019-4a42-4c7c-b4b0-3f800bc02a53",
        "isActive": true,
        "balance": "$2,224.22",
        "age": 33,
        "eyeColor": "blue",
        "name": {
            "first": "Mcfadden",
            "last": "Daugherty"
        },
        "company": "ZENTILITY",
        "email": "mcfadden.daugherty@zentility.org",
        "phone": "+1 (951) 511-3052",
        "address": "545 Suydam Place, Dennard, Tennessee, 2215",
        "registered": "Tuesday, January 30, 2018 6:08 AM",
        "latitude": "-3.924279",
        "longitude": "91.912049",
        "tags": [
            "laborum",
            "labore",
            "aliquip",
            "cillum",
            "voluptate"
        ]
    },
    {
        "_id": 4273,
        "agent_id": 467,
        "guid": "15953809-9c1b-45a7-902e-c0844778a3fb",
        "isActive": false,
        "balance": "$2,049.67",
        "age": 36,
        "eyeColor": "blue",
        "name": {
            "first": "Caitlin",
            "last": "Fields"
        },
        "company": "DYNO",
        "email": "caitlin.fields@dyno.biz",
        "phone": "+1 (841) 443-3222",
        "address": "333 Grafton Street, Bowie, Florida, 2196",
        "registered": "Sunday, May 29, 2016 1:05 AM",
        "latitude": "22.268895",
        "longitude": "2.737973",
        "tags": [
            "quis",
            "aliquip",
            "sunt",
            "nisi",
            "consectetur"
        ]
    },
    {
        "_id": 8101,
        "agent_id": 467,
        "guid": "5cc1fe9f-7607-411c-ae66-4ed536d46da6",
        "isActive": true,
        "balance": "$2,547.26",
        "age": 38,
        "eyeColor": "blue",
        "name": {
            "first": "Abby",
            "last": "Rosales"
        },
        "company": "LUDAK",
        "email": "abby.rosales@ludak.me",
        "phone": "+1 (987) 582-2274",
        "address": "677 Otsego Street, Williams, Colorado, 1725",
        "registered": "Saturday, September 3, 2016 11:23 AM",
        "latitude": "62.527173",
        "longitude": "28.543435",
        "tags": [
            "in",
            "magna",
            "nulla",
            "nisi",
            "ullamco"
        ]
    },
    {
        "_id": 7433,
        "agent_id": 321,
        "guid": "c664749d-7790-405c-8756-f0445f450338",
        "isActive": true,
        "balance": "$1,799.38",
        "age": 59,
        "eyeColor": "blue",
        "name": {
            "first": "Marshall",
            "last": "Tyler"
        },
        "company": "COMCUBINE",
        "email": "marshall.tyler@comcubine.tv",
        "phone": "+1 (862) 558-2530",
        "address": "534 Throop Avenue, Smeltertown, Michigan, 6955",
        "registered": "Monday, April 2, 2018 3:40 PM",
        "latitude": "39.152074",
        "longitude": "-165.073126",
        "tags": [
            "mollit",
            "incididunt",
            "amet",
            "incididunt",
            "quis"
        ]
    },
    {
        "_id": 8755,
        "agent_id": 101,
        "guid": "dbbb82af-1a8d-43a1-ae91-ca2ccc36a9f5",
        "isActive": true,
        "balance": "$3,951.59",
        "age": 35,
        "eyeColor": "green",
        "name": {
            "first": "Cervantes",
            "last": "Levy"
        },
        "company": "GOKO",
        "email": "cervantes.levy@goko.us",
        "phone": "+1 (819) 541-3210",
        "address": "645 Hendrickson Street, Finderne, South Dakota, 1210",
        "registered": "Monday, January 30, 2017 9:56 AM",
        "latitude": "26.264172",
        "longitude": "4.149593",
        "tags": [
            "ea",
            "sit",
            "amet",
            "cupidatat",
            "cillum"
        ]
    },
    {
        "_id": 5357,
        "agent_id": 1987,
        "guid": "fde49b71-acee-4e61-acc0-92fe7526a8b8",
        "isActive": true,
        "balance": "$1,463.68",
        "age": 68,
        "eyeColor": "brown",
        "name": {
            "first": "Jillian",
            "last": "Bass"
        },
        "company": "PAWNAGRA",
        "email": "jillian.bass@pawnagra.com",
        "phone": "+1 (891) 534-2579",
        "address": "384 Duffield Street, Ivanhoe, Palau, 6588",
        "registered": "Tuesday, February 21, 2017 4:10 AM",
        "latitude": "-39.056234",
        "longitude": "-161.29457",
        "tags": [
            "culpa",
            "quis",
            "labore",
            "velit",
            "fugiat"
        ]
    },
    {
        "_id": 1129,
        "agent_id": 1987,
        "guid": "0feba4c1-7c12-48e1-81a7-8fbd8c8a61fc",
        "isActive": true,
        "balance": "$1,779.45",
        "age": 51,
        "eyeColor": "green",
        "name": {
            "first": "Maude",
            "last": "Copeland"
        },
        "company": "PRISMATIC",
        "email": "maude.copeland@prismatic.name",
        "phone": "+1 (901) 448-3545",
        "address": "553 Delmonico Place, Tampico, Maine, 854",
        "registered": "Thursday, June 4, 2015 12:02 AM",
        "latitude": "-13.386213",
        "longitude": "-6.31491",
        "tags": [
            "laboris",
            "ullamco",
            "esse",
            "tempor",
            "consectetur"
        ]
    },
    {
        "_id": 1152,
        "agent_id": 467,
        "guid": "7a25dfca-2ac1-4063-b4e5-11da63ac7ec6",
        "isActive": false,
        "balance": "$1,641.76",
        "age": 34,
        "eyeColor": "green",
        "name": {
            "first": "Walsh",
            "last": "Wiggins"
        },
        "company": "BESTO",
        "email": "walsh.wiggins@besto.info",
        "phone": "+1 (977) 454-3682",
        "address": "652 Orange Street, Lodoga, Massachusetts, 3183",
        "registered": "Friday, May 15, 2015 11:26 PM",
        "latitude": "-79.311788",
        "longitude": "94.185572",
        "tags": [
            "esse",
            "sunt",
            "cupidatat",
            "duis",
            "reprehenderit"
        ]
    },
    {
        "_id": 6842,
        "agent_id": 321,
        "guid": "83838165-80e8-47a8-8084-b5690c8e80fd",
        "isActive": true,
        "balance": "$2,256.70",
        "age": 50,
        "eyeColor": "green",
        "name": {
            "first": "Roach",
            "last": "Greene"
        },
        "company": "VIASIA",
        "email": "roach.greene@viasia.co.uk",
        "phone": "+1 (836) 481-3703",
        "address": "741 Dekalb Avenue, Oley, Pennsylvania, 7393",
        "registered": "Tuesday, January 7, 2014 3:59 PM",
        "latitude": "-74.392137",
        "longitude": "-134.747872",
        "tags": [
            "est",
            "do",
            "duis",
            "qui",
            "Lorem"
        ]
    },
    {
        "_id": 7195,
        "agent_id": 1987,
        "guid": "84d401e6-9219-46c0-9b78-1a3a2eba4028",
        "isActive": true,
        "balance": "$1,481.62",
        "age": 70,
        "eyeColor": "blue",
        "name": {
            "first": "Goff",
            "last": "Black"
        },
        "company": "KONGENE",
        "email": "goff.black@kongene.net",
        "phone": "+1 (843) 459-2589",
        "address": "749 Columbia Street, Baker, Wisconsin, 3910",
        "registered": "Friday, March 25, 2016 10:31 PM",
        "latitude": "58.585479",
        "longitude": "29.424912",
        "tags": [
            "aliqua",
            "aliquip",
            "culpa",
            "Lorem",
            "do"
        ]
    },
    {
        "_id": 6520,
        "agent_id": 1987,
        "guid": "eaea8bcb-884d-4750-9ce2-be05fcc6f487",
        "isActive": false,
        "balance": "$3,174.43",
        "age": 65,
        "eyeColor": "brown",
        "name": {
            "first": "Rosa",
            "last": "Rogers"
        },
        "company": "ORBOID",
        "email": "rosa.rogers@orboid.biz",
        "phone": "+1 (973) 453-2371",
        "address": "293 Everett Avenue, Foxworth, Arizona, 1787",
        "registered": "Sunday, December 27, 2015 9:37 PM",
        "latitude": "-43.647932",
        "longitude": "54.759495",
        "tags": [
            "eu",
            "deserunt",
            "deserunt",
            "dolor",
            "magna"
        ]
    },
    {
        "_id": 7490,
        "agent_id": 101,
        "guid": "e79ec26f-32a1-4d78-9e0f-0f3c8696d0f9",
        "isActive": true,
        "balance": "$1,932.78",
        "age": 53,
        "eyeColor": "green",
        "name": {
            "first": "Stout",
            "last": "Deleon"
        },
        "company": "PHEAST",
        "email": "stout.deleon@pheast.ca",
        "phone": "+1 (823) 538-2050",
        "address": "265 Royce Street, Coyote, Louisiana, 1120",
        "registered": "Thursday, December 25, 2014 3:32 PM",
        "latitude": "-5.095696",
        "longitude": "-70.304646",
        "tags": [
            "tempor",
            "reprehenderit",
            "reprehenderit",
            "nostrud",
            "laborum"
        ]
    },
    {
        "_id": 1636,
        "agent_id": 467,
        "guid": "3465d272-b5df-433b-a23d-f412423d069b",
        "isActive": false,
        "balance": "$3,841.91",
        "age": 27,
        "eyeColor": "brown",
        "name": {
            "first": "Gordon",
            "last": "Scott"
        },
        "company": "FROLIX",
        "email": "gordon.scott@frolix.org",
        "phone": "+1 (808) 454-3714",
        "address": "404 Lorraine Street, Sussex, Alaska, 3467",
        "registered": "Tuesday, August 28, 2018 3:09 AM",
        "latitude": "-51.933074",
        "longitude": "116.505441",
        "tags": [
            "deserunt",
            "id",
            "occaecat",
            "dolore",
            "qui"
        ]
    },
    {
        "_id": 6449,
        "agent_id": 467,
        "guid": "25bc821f-a45a-47b7-b176-81223b11f058",
        "isActive": false,
        "balance": "$1,201.37",
        "age": 42,
        "eyeColor": "green",
        "name": {
            "first": "Alexis",
            "last": "Kramer"
        },
        "company": "QUINEX",
        "email": "alexis.kramer@quinex.biz",
        "phone": "+1 (875) 580-2489",
        "address": "316 Perry Terrace, Martinez, Oregon, 6561",
        "registered": "Friday, June 20, 2014 12:13 AM",
        "latitude": "11.946742",
        "longitude": "92.874893",
        "tags": [
            "ullamco",
            "proident",
            "magna",
            "voluptate",
            "enim"
        ]
    },
    {
        "_id": 3545,
        "agent_id": 101,
        "guid": "b57cc107-bb21-47cf-b3b2-dd544a5dffaf",
        "isActive": false,
        "balance": "$3,076.02",
        "age": 34,
        "eyeColor": "brown",
        "name": {
            "first": "Jeannie",
            "last": "Stephens"
        },
        "company": "PUSHCART",
        "email": "jeannie.stephens@pushcart.me",
        "phone": "+1 (805) 470-2576",
        "address": "631 Coffey Street, Calverton, Nebraska, 1034",
        "registered": "Friday, February 20, 2015 11:45 PM",
        "latitude": "-59.8153",
        "longitude": "30.192601",
        "tags": [
            "commodo",
            "esse",
            "labore",
            "mollit",
            "magna"
        ]
    },
    {
        "_id": 3780,
        "agent_id": 467,
        "guid": "452c85ea-29e2-472f-8a6d-c3ccde1e210f",
        "isActive": false,
        "balance": "$1,916.67",
        "age": 58,
        "eyeColor": "blue",
        "name": {
            "first": "Warner",
            "last": "Hernandez"
        },
        "company": "OLYMPIX",
        "email": "warner.hernandez@olympix.tv",
        "phone": "+1 (959) 513-2607",
        "address": "778 Oakland Place, Weeksville, Maryland, 8102",
        "registered": "Wednesday, August 24, 2016 9:38 AM",
        "latitude": "87.56753",
        "longitude": "141.52792",
        "tags": [
            "amet",
            "officia",
            "amet",
            "enim",
            "fugiat"
        ]
    },
    {
        "_id": 9988,
        "agent_id": 467,
        "guid": "6b71c8c6-f87f-4518-b277-ee81fc9c24ed",
        "isActive": false,
        "balance": "$3,613.23",
        "age": 68,
        "eyeColor": "brown",
        "name": {
            "first": "Mccullough",
            "last": "Wall"
        },
        "company": "EXODOC",
        "email": "mccullough.wall@exodoc.us",
        "phone": "+1 (842) 497-3565",
        "address": "175 Malbone Street, Ezel, New Hampshire, 5880",
        "registered": "Saturday, June 2, 2018 6:03 PM",
        "latitude": "-35.784215",
        "longitude": "-17.864023",
        "tags": [
            "et",
            "anim",
            "reprehenderit",
            "reprehenderit",
            "sint"
        ]
    },
    {
        "_id": 7050,
        "agent_id": 467,
        "guid": "f4f25bd7-82fc-40bb-9080-8feaf51de115",
        "isActive": false,
        "balance": "$2,455.82",
        "age": 52,
        "eyeColor": "brown",
        "name": {
            "first": "Petty",
            "last": "Hobbs"
        },
        "company": "EXIAND",
        "email": "petty.hobbs@exiand.com",
        "phone": "+1 (978) 541-2997",
        "address": "455 Tehama Street, Curtice, Guam, 4979",
        "registered": "Monday, January 26, 2015 12:46 PM",
        "latitude": "87.364113",
        "longitude": "142.131627",
        "tags": [
            "veniam",
            "Lorem",
            "laboris",
            "consectetur",
            "enim"
        ]
    },
    {
        "_id": 9848,
        "agent_id": 467,
        "guid": "d993778b-3bcb-473b-afc2-fc5388c6c386",
        "isActive": true,
        "balance": "$3,170.72",
        "age": 21,
        "eyeColor": "green",
        "name": {
            "first": "Holt",
            "last": "Cruz"
        },
        "company": "HOPELI",
        "email": "holt.cruz@hopeli.name",
        "phone": "+1 (871) 438-2688",
        "address": "142 Ferris Street, Toftrees, West Virginia, 2088",
        "registered": "Monday, May 18, 2015 9:19 PM",
        "latitude": "-67.248379",
        "longitude": "-59.23766",
        "tags": [
            "do",
            "incididunt",
            "cillum",
            "reprehenderit",
            "ad"
        ]
    },
    {
        "_id": 8195,
        "agent_id": 321,
        "guid": "2638d4d9-81b9-445f-9ad4-a65eb7a05626",
        "isActive": false,
        "balance": "$2,172.25",
        "age": 68,
        "eyeColor": "green",
        "name": {
            "first": "Lillian",
            "last": "Atkinson"
        },
        "company": "DOGTOWN",
        "email": "lillian.atkinson@dogtown.info",
        "phone": "+1 (811) 466-3486",
        "address": "685 Mill Avenue, Rodanthe, Kansas, 630",
        "registered": "Tuesday, March 27, 2018 1:07 AM",
        "latitude": "-41.096389",
        "longitude": "-90.639319",
        "tags": [
            "eiusmod",
            "dolor",
            "veniam",
            "labore",
            "proident"
        ]
    },
    {
        "_id": 3957,
        "agent_id": 101,
        "guid": "574d9b9b-7131-4048-84e0-f3413793a5e5",
        "isActive": false,
        "balance": "$3,706.60",
        "age": 21,
        "eyeColor": "green",
        "name": {
            "first": "Eloise",
            "last": "Serrano"
        },
        "company": "ZYTRAC",
        "email": "eloise.serrano@zytrac.co.uk",
        "phone": "+1 (817) 433-2423",
        "address": "288 Cypress Avenue, Levant, Idaho, 8792",
        "registered": "Saturday, January 6, 2018 9:42 PM",
        "latitude": "-45.933966",
        "longitude": "-57.077253",
        "tags": [
            "ullamco",
            "irure",
            "fugiat",
            "ex",
            "ullamco"
        ]
    },
    {
        "_id": 1663,
        "agent_id": 1987,
        "guid": "a1d811ff-faa4-481c-9b02-988339532bbf",
        "isActive": false,
        "balance": "$3,359.62",
        "age": 66,
        "eyeColor": "blue",
        "name": {
            "first": "Susie",
            "last": "Combs"
        },
        "company": "ISONUS",
        "email": "susie.combs@isonus.net",
        "phone": "+1 (885) 480-3553",
        "address": "432 Harrison Avenue, Esmont, Georgia, 2516",
        "registered": "Saturday, August 11, 2018 11:38 AM",
        "latitude": "69.971147",
        "longitude": "50.667061",
        "tags": [
            "sunt",
            "laborum",
            "et",
            "eiusmod",
            "reprehenderit"
        ]
    },
    {
        "_id": 8223,
        "agent_id": 467,
        "guid": "cfa52657-f0eb-4d00-8522-e41a488f3e42",
        "isActive": false,
        "balance": "$1,754.13",
        "age": 23,
        "eyeColor": "blue",
        "name": {
            "first": "Bradford",
            "last": "Guthrie"
        },
        "company": "COMBOGEN",
        "email": "bradford.guthrie@combogen.biz",
        "phone": "+1 (874) 589-2990",
        "address": "247 Highland Avenue, Wyano, New York, 8321",
        "registered": "Saturday, October 25, 2014 4:23 PM",
        "latitude": "-68.257313",
        "longitude": "-177.481313",
        "tags": [
            "occaecat",
            "dolore",
            "sint",
            "ullamco",
            "aliqua"
        ]
    },
    {
        "_id": 5811,
        "agent_id": 101,
        "guid": "f4de199c-0cca-438e-804a-f2d3c36435e0",
        "isActive": true,
        "balance": "$3,514.01",
        "age": 28,
        "eyeColor": "blue",
        "name": {
            "first": "Kathie",
            "last": "Hill"
        },
        "company": "PHORMULA",
        "email": "kathie.hill@phormula.ca",
        "phone": "+1 (921) 572-3174",
        "address": "954 Nostrand Avenue, Ronco, District Of Columbia, 4202",
        "registered": "Friday, December 29, 2017 1:39 AM",
        "latitude": "2.547736",
        "longitude": "-163.457438",
        "tags": [
            "cupidatat",
            "mollit",
            "ullamco",
            "minim",
            "incididunt"
        ]
    },
    {
        "_id": 7835,
        "agent_id": 467,
        "guid": "93152581-7881-4391-a91b-031590ce7288",
        "isActive": false,
        "balance": "$2,505.40",
        "age": 35,
        "eyeColor": "brown",
        "name": {
            "first": "Marilyn",
            "last": "Gibbs"
        },
        "company": "MIXERS",
        "email": "marilyn.gibbs@mixers.org",
        "phone": "+1 (968) 477-2985",
        "address": "722 Main Street, Irwin, Iowa, 9087",
        "registered": "Sunday, February 21, 2016 12:58 PM",
        "latitude": "-51.042316",
        "longitude": "156.191978",
        "tags": [
            "aute",
            "elit",
            "est",
            "incididunt",
            "sint"
        ]
    },
    {
        "_id": 2376,
        "agent_id": 321,
        "guid": "bbdc3d0b-c5ee-4a5e-8803-d9c2426f5b0f",
        "isActive": true,
        "balance": "$1,243.70",
        "age": 60,
        "eyeColor": "blue",
        "name": {
            "first": "April",
            "last": "Martin"
        },
        "company": "VENOFLEX",
        "email": "april.martin@venoflex.biz",
        "phone": "+1 (856) 560-2053",
        "address": "173 Martense Street, Rosewood, Rhode Island, 6361",
        "registered": "Thursday, September 6, 2018 2:29 AM",
        "latitude": "80.329339",
        "longitude": "39.898377",
        "tags": [
            "voluptate",
            "aliqua",
            "aliqua",
            "qui",
            "adipisicing"
        ]
    },
    {
        "_id": 2980,
        "agent_id": 1987,
        "guid": "55d7f187-ff89-4d13-9ae5-521dbadaeff2",
        "isActive": false,
        "balance": "$2,755.99",
        "age": 52,
        "eyeColor": "brown",
        "name": {
            "first": "Gretchen",
            "last": "Ingram"
        },
        "company": "COMSTRUCT",
        "email": "gretchen.ingram@comstruct.me",
        "phone": "+1 (968) 507-3214",
        "address": "644 Forbell Street, Sanford, American Samoa, 4824",
        "registered": "Wednesday, January 25, 2017 5:07 PM",
        "latitude": "-33.860268",
        "longitude": "97.94713",
        "tags": [
            "excepteur",
            "laborum",
            "enim",
            "culpa",
            "qui"
        ]
    },
    {
        "_id": 4336,
        "agent_id": 467,
        "guid": "b7708e62-3554-4b66-a744-6bfb8724d98b",
        "isActive": true,
        "balance": "$3,460.39",
        "age": 53,
        "eyeColor": "blue",
        "name": {
            "first": "Gloria",
            "last": "Bowman"
        },
        "company": "PLASMOSIS",
        "email": "gloria.bowman@plasmosis.tv",
        "phone": "+1 (922) 469-2786",
        "address": "573 Decatur Street, Temperanceville, Utah, 595",
        "registered": "Saturday, March 19, 2016 3:40 AM",
        "latitude": "-32.477508",
        "longitude": "-27.212085",
        "tags": [
            "minim",
            "consectetur",
            "minim",
            "duis",
            "ea"
        ]
    },
    {
        "_id": 3196,
        "agent_id": 1987,
        "guid": "d464b794-4d49-496d-a4c3-ffcb75975816",
        "isActive": true,
        "balance": "$3,876.91",
        "age": 54,
        "eyeColor": "blue",
        "name": {
            "first": "Lorraine",
            "last": "Burton"
        },
        "company": "BIOHAB",
        "email": "lorraine.burton@biohab.us",
        "phone": "+1 (994) 404-3434",
        "address": "736 Jamison Lane, Carrsville, California, 4623",
        "registered": "Wednesday, December 3, 2014 12:35 PM",
        "latitude": "6.586642",
        "longitude": "143.461679",
        "tags": [
            "eu",
            "sunt",
            "nulla",
            "reprehenderit",
            "reprehenderit"
        ]
    },
    {
        "_id": 3976,
        "agent_id": 101,
        "guid": "f7694236-7940-4e69-afe1-f05ec63d306a",
        "isActive": false,
        "balance": "$1,367.29",
        "age": 32,
        "eyeColor": "green",
        "name": {
            "first": "Toni",
            "last": "Shannon"
        },
        "company": "DUFLEX",
        "email": "toni.shannon@duflex.com",
        "phone": "+1 (889) 501-3651",
        "address": "738 Gotham Avenue, Watrous, Connecticut, 7762",
        "registered": "Sunday, November 20, 2016 11:00 PM",
        "latitude": "-8.822746",
        "longitude": "-5.338954",
        "tags": [
            "dolore",
            "laboris",
            "qui",
            "elit",
            "reprehenderit"
        ]
    },
    {
        "_id": 2685,
        "agent_id": 1987,
        "guid": "9445d198-db23-44d5-8600-f30d93575a45",
        "isActive": true,
        "balance": "$1,808.76",
        "age": 52,
        "eyeColor": "blue",
        "name": {
            "first": "Franklin",
            "last": "Osborn"
        },
        "company": "COMTEST",
        "email": "franklin.osborn@comtest.name",
        "phone": "+1 (834) 517-3307",
        "address": "269 Cheever Place, Gloucester, Hawaii, 9383",
        "registered": "Sunday, May 14, 2017 8:09 AM",
        "latitude": "33.596796",
        "longitude": "-34.270386",
        "tags": [
            "culpa",
            "enim",
            "adipisicing",
            "qui",
            "cupidatat"
        ]
    },
    {
        "_id": 1430,
        "agent_id": 101,
        "guid": "99032dca-5699-49b3-af26-ad249063ab8e",
        "isActive": true,
        "balance": "$1,304.22",
        "age": 37,
        "eyeColor": "green",
        "name": {
            "first": "Antonia",
            "last": "Crosby"
        },
        "company": "ZEAM",
        "email": "antonia.crosby@zeam.info",
        "phone": "+1 (940) 538-3464",
        "address": "432 Wilson Avenue, Glasgow, Virginia, 2545",
        "registered": "Friday, November 3, 2017 1:53 PM",
        "latitude": "33.093873",
        "longitude": "69.217461",
        "tags": [
            "minim",
            "laborum",
            "incididunt",
            "anim",
            "consequat"
        ]
    },
    {
        "_id": 4020,
        "agent_id": 321,
        "guid": "c67c5c3c-1cda-4df6-940f-28e2dbebb49f",
        "isActive": false,
        "balance": "$1,477.94",
        "age": 53,
        "eyeColor": "green",
        "name": {
            "first": "Chris",
            "last": "Burt"
        },
        "company": "POLARAX",
        "email": "chris.burt@polarax.co.uk",
        "phone": "+1 (932) 462-2331",
        "address": "251 Colonial Court, Nadine, Montana, 2150",
        "registered": "Friday, June 1, 2018 2:11 AM",
        "latitude": "76.447586",
        "longitude": "99.810593",
        "tags": [
            "magna",
            "laboris",
            "et",
            "exercitation",
            "laboris"
        ]
    },
    {
        "_id": 9196,
        "agent_id": 101,
        "guid": "d15434f8-bef0-46c5-aaee-5d6a9740d857",
        "isActive": false,
        "balance": "$3,475.77",
        "age": 39,
        "eyeColor": "green",
        "name": {
            "first": "Frank",
            "last": "Stafford"
        },
        "company": "GRONK",
        "email": "frank.stafford@gronk.net",
        "phone": "+1 (958) 479-2531",
        "address": "572 Himrod Street, Masthope, Minnesota, 6553",
        "registered": "Wednesday, October 11, 2017 1:54 AM",
        "latitude": "-7.019371",
        "longitude": "115.235981",
        "tags": [
            "esse",
            "esse",
            "sint",
            "Lorem",
            "labore"
        ]
    },
    {
        "_id": 6569,
        "agent_id": 467,
        "guid": "6b37854b-f373-40fe-873f-6f89245fe148",
        "isActive": false,
        "balance": "$1,034.21",
        "age": 27,
        "eyeColor": "blue",
        "name": {
            "first": "Evangelina",
            "last": "Owen"
        },
        "company": "SYNKGEN",
        "email": "evangelina.owen@synkgen.biz",
        "phone": "+1 (981) 479-2174",
        "address": "480 Cypress Court, Sheatown, Arkansas, 9766",
        "registered": "Wednesday, October 18, 2017 5:59 AM",
        "latitude": "81.143782",
        "longitude": "-114.965446",
        "tags": [
            "non",
            "ex",
            "dolor",
            "nulla",
            "id"
        ]
    },
    {
        "_id": 8190,
        "agent_id": 101,
        "guid": "cc834cd3-beab-42f9-8d49-83902d832e86",
        "isActive": true,
        "balance": "$3,300.88",
        "age": 40,
        "eyeColor": "blue",
        "name": {
            "first": "Bullock",
            "last": "Fox"
        },
        "company": "COMTOUR",
        "email": "bullock.fox@comtour.ca",
        "phone": "+1 (940) 412-3470",
        "address": "967 Bedford Avenue, Saddlebrooke, South Carolina, 9509",
        "registered": "Tuesday, December 15, 2015 2:17 PM",
        "latitude": "27.297706",
        "longitude": "13.711871",
        "tags": [
            "veniam",
            "officia",
            "voluptate",
            "et",
            "dolore"
        ]
    },
    {
        "_id": 5528,
        "agent_id": 467,
        "guid": "f3e19639-8ea5-474d-a9a6-f1cd8b59348c",
        "isActive": false,
        "balance": "$1,498.30",
        "age": 35,
        "eyeColor": "brown",
        "name": {
            "first": "Keller",
            "last": "Orr"
        },
        "company": "SATIANCE",
        "email": "keller.orr@satiance.org",
        "phone": "+1 (985) 598-3782",
        "address": "482 Amber Street, Como, Northern Mariana Islands, 3190",
        "registered": "Sunday, July 23, 2017 6:36 AM",
        "latitude": "-1.711557",
        "longitude": "124.722546",
        "tags": [
            "sit",
            "culpa",
            "veniam",
            "deserunt",
            "laboris"
        ]
    },
    {
        "_id": 9848,
        "agent_id": 467,
        "guid": "22f3b594-b9cd-4a83-a35b-4cb70ef72d54",
        "isActive": false,
        "balance": "$3,030.40",
        "age": 46,
        "eyeColor": "blue",
        "name": {
            "first": "Preston",
            "last": "Gould"
        },
        "company": "INTRAWEAR",
        "email": "preston.gould@intrawear.biz",
        "phone": "+1 (901) 453-3706",
        "address": "688 Bay Avenue, Whitehaven, Wyoming, 7994",
        "registered": "Sunday, June 28, 2015 9:04 AM",
        "latitude": "55.386421",
        "longitude": "-134.214988",
        "tags": [
            "magna",
            "esse",
            "pariatur",
            "ex",
            "non"
        ]
    },
    {
        "_id": 7761,
        "agent_id": 1987,
        "guid": "d4e59467-7e0d-40a0-a7fa-43ed0d2b20a1",
        "isActive": false,
        "balance": "$2,364.61",
        "age": 48,
        "eyeColor": "green",
        "name": {
            "first": "Ernestine",
            "last": "Phillips"
        },
        "company": "SYNTAC",
        "email": "ernestine.phillips@syntac.me",
        "phone": "+1 (832) 441-2031",
        "address": "486 Eldert Lane, Brambleton, Nevada, 9459",
        "registered": "Wednesday, March 7, 2018 9:07 PM",
        "latitude": "-75.887295",
        "longitude": "-178.791646",
        "tags": [
            "magna",
            "ex",
            "ullamco",
            "laborum",
            "cillum"
        ]
    },
    {
        "_id": 7029,
        "agent_id": 1987,
        "guid": "04fc5518-94af-4c9b-be93-8968ec1e6cb7",
        "isActive": true,
        "balance": "$3,571.13",
        "age": 63,
        "eyeColor": "blue",
        "name": {
            "first": "Guadalupe",
            "last": "Pate"
        },
        "company": "MICRONAUT",
        "email": "guadalupe.pate@micronaut.tv",
        "phone": "+1 (991) 403-2461",
        "address": "518 Clarkson Avenue, Faxon, New Mexico, 3572",
        "registered": "Monday, December 1, 2014 9:48 PM",
        "latitude": "70.057754",
        "longitude": "116.827374",
        "tags": [
            "esse",
            "ex",
            "sit",
            "irure",
            "qui"
        ]
    },
    {
        "_id": 1042,
        "agent_id": 101,
        "guid": "5013facc-fe79-449f-93bf-987de4b8ac22",
        "isActive": false,
        "balance": "$3,228.02",
        "age": 45,
        "eyeColor": "green",
        "name": {
            "first": "Abigail",
            "last": "Thomas"
        },
        "company": "STRALOY",
        "email": "abigail.thomas@straloy.us",
        "phone": "+1 (994) 426-3814",
        "address": "340 Grand Street, Alamo, Oklahoma, 9416",
        "registered": "Wednesday, August 30, 2017 7:33 AM",
        "latitude": "54.145003",
        "longitude": "-145.804237",
        "tags": [
            "duis",
            "anim",
            "officia",
            "reprehenderit",
            "in"
        ]
    },
    {
        "_id": 8226,
        "agent_id": 467,
        "guid": "cc4710fe-4309-4e4a-8272-cc46d7c9864b",
        "isActive": false,
        "balance": "$1,123.26",
        "age": 47,
        "eyeColor": "blue",
        "name": {
            "first": "Rosanne",
            "last": "Rowland"
        },
        "company": "HAIRPORT",
        "email": "rosanne.rowland@hairport.com",
        "phone": "+1 (910) 570-2857",
        "address": "840 Thomas Street, Sidman, Federated States Of Micronesia, 7407",
        "registered": "Monday, December 8, 2014 5:22 AM",
        "latitude": "-52.277202",
        "longitude": "75.419117",
        "tags": [
            "sit",
            "sint",
            "sint",
            "dolore",
            "officia"
        ]
    },
    {
        "_id": 2378,
        "agent_id": 321,
        "guid": "a688e827-f70f-4307-8b42-924f4654e111",
        "isActive": true,
        "balance": "$2,190.41",
        "age": 42,
        "eyeColor": "blue",
        "name": {
            "first": "Fulton",
            "last": "Hatfield"
        },
        "company": "ACIUM",
        "email": "fulton.hatfield@acium.name",
        "phone": "+1 (836) 534-2204",
        "address": "967 Lott Place, Juarez, Puerto Rico, 8036",
        "registered": "Tuesday, September 22, 2015 6:57 AM",
        "latitude": "34.60264",
        "longitude": "-103.84763",
        "tags": [
            "deserunt",
            "laboris",
            "Lorem",
            "ea",
            "eu"
        ]
    },
    {
        "_id": 2096,
        "agent_id": 101,
        "guid": "6a4232da-dba7-44e0-a8ff-0a9fe1ba5a4c",
        "isActive": false,
        "balance": "$3,361.96",
        "age": 36,
        "eyeColor": "blue",
        "name": {
            "first": "Ericka",
            "last": "Morrow"
        },
        "company": "IMKAN",
        "email": "ericka.morrow@imkan.info",
        "phone": "+1 (991) 427-2244",
        "address": "856 Ross Street, Frierson, Washington, 7344",
        "registered": "Tuesday, December 29, 2015 9:53 AM",
        "latitude": "-77.764947",
        "longitude": "166.005676",
        "tags": [
            "aliqua",
            "do",
            "eiusmod",
            "commodo",
            "quis"
        ]
    },
    {
        "_id": 1393,
        "agent_id": 101,
        "guid": "913b0ea1-755e-4a48-ad94-6e58f7341cc9",
        "isActive": true,
        "balance": "$2,770.19",
        "age": 69,
        "eyeColor": "green",
        "name": {
            "first": "Daniels",
            "last": "Hunter"
        },
        "company": "EPLOSION",
        "email": "daniels.hunter@eplosion.co.uk",
        "phone": "+1 (835) 444-2099",
        "address": "951 Kaufman Place, Eastmont, Virgin Islands, 6553",
        "registered": "Sunday, May 31, 2015 12:31 AM",
        "latitude": "86.124385",
        "longitude": "128.011458",
        "tags": [
            "deserunt",
            "nulla",
            "ullamco",
            "laboris",
            "elit"
        ]
    },
    {
        "_id": 6078,
        "agent_id": 101,
        "guid": "95fa5409-d9ca-4893-b226-ab6a7cb8c455",
        "isActive": false,
        "balance": "$2,147.05",
        "age": 65,
        "eyeColor": "green",
        "name": {
            "first": "Hensley",
            "last": "Zamora"
        },
        "company": "WEBIOTIC",
        "email": "hensley.zamora@webiotic.net",
        "phone": "+1 (918) 505-2579",
        "address": "754 Fair Street, Sexton, Marshall Islands, 4705",
        "registered": "Thursday, September 24, 2015 7:51 PM",
        "latitude": "71.782843",
        "longitude": "37.839963",
        "tags": [
            "fugiat",
            "fugiat",
            "qui",
            "minim",
            "magna"
        ]
    },
    {
        "_id": 3432,
        "agent_id": 1987,
        "guid": "f62119ee-5678-4de7-b8de-2ad8c373ef65",
        "isActive": false,
        "balance": "$3,252.27",
        "age": 37,
        "eyeColor": "blue",
        "name": {
            "first": "Trisha",
            "last": "Mejia"
        },
        "company": "EXOTECHNO",
        "email": "trisha.mejia@exotechno.biz",
        "phone": "+1 (937) 567-2488",
        "address": "143 Quincy Street, Eden, North Carolina, 4675",
        "registered": "Friday, January 1, 2016 10:16 AM",
        "latitude": "-82.796597",
        "longitude": "6.806035",
        "tags": [
            "incididunt",
            "sunt",
            "velit",
            "sint",
            "tempor"
        ]
    },
    {
        "_id": 2389,
        "agent_id": 101,
        "guid": "7ed0c357-843f-4975-bfd3-fab8b6a8c993",
        "isActive": true,
        "balance": "$2,113.94",
        "age": 70,
        "eyeColor": "blue",
        "name": {
            "first": "Elma",
            "last": "Lamb"
        },
        "company": "XEREX",
        "email": "elma.lamb@xerex.ca",
        "phone": "+1 (934) 477-2330",
        "address": "645 Village Court, Datil, North Dakota, 708",
        "registered": "Sunday, December 11, 2016 1:59 PM",
        "latitude": "-81.672695",
        "longitude": "-107.35948",
        "tags": [
            "deserunt",
            "proident",
            "aute",
            "proident",
            "enim"
        ]
    },
    {
        "_id": 9220,
        "agent_id": 1987,
        "guid": "892c1106-916d-4915-af33-13f72f5ad35f",
        "isActive": false,
        "balance": "$3,889.50",
        "age": 39,
        "eyeColor": "brown",
        "name": {
            "first": "Elisabeth",
            "last": "Roberson"
        },
        "company": "ZOUNDS",
        "email": "elisabeth.roberson@zounds.org",
        "phone": "+1 (811) 480-3816",
        "address": "470 Lacon Court, Vale, Vermont, 8209",
        "registered": "Friday, April 22, 2016 5:53 PM",
        "latitude": "-22.27042",
        "longitude": "-125.774252",
        "tags": [
            "ex",
            "sit",
            "id",
            "sunt",
            "ea"
        ]
    },
    {
        "_id": 2387,
        "agent_id": 101,
        "guid": "7190e3a3-f101-458b-9be2-9c65ec3dc39f",
        "isActive": true,
        "balance": "$1,367.64",
        "age": 67,
        "eyeColor": "brown",
        "name": {
            "first": "Woodward",
            "last": "Justice"
        },
        "company": "MOREGANIC",
        "email": "woodward.justice@moreganic.biz",
        "phone": "+1 (984) 548-3242",
        "address": "479 Campus Place, Kohatk, Kentucky, 7979",
        "registered": "Tuesday, April 19, 2016 6:34 AM",
        "latitude": "72.220179",
        "longitude": "152.26156",
        "tags": [
            "aute",
            "adipisicing",
            "voluptate",
            "commodo",
            "pariatur"
        ]
    },
    {
        "_id": 9610,
        "agent_id": 1987,
        "guid": "c5d9c0f4-2118-47dc-92b0-c72235779f4c",
        "isActive": true,
        "balance": "$3,590.96",
        "age": 24,
        "eyeColor": "green",
        "name": {
            "first": "Shields",
            "last": "Knowles"
        },
        "company": "QUIZMO",
        "email": "shields.knowles@quizmo.me",
        "phone": "+1 (970) 546-2778",
        "address": "385 Guider Avenue, Jamestown, Texas, 3671",
        "registered": "Sunday, February 23, 2014 9:56 AM",
        "latitude": "58.924333",
        "longitude": "135.839052",
        "tags": [
            "aliqua",
            "dolor",
            "Lorem",
            "sint",
            "voluptate"
        ]
    },
    {
        "_id": 3297,
        "agent_id": 321,
        "guid": "9fab94f6-bab9-4cd4-9a51-5812440b19f4",
        "isActive": true,
        "balance": "$2,743.62",
        "age": 47,
        "eyeColor": "blue",
        "name": {
            "first": "Mindy",
            "last": "Anderson"
        },
        "company": "QUILTIGEN",
        "email": "mindy.anderson@quiltigen.tv",
        "phone": "+1 (989) 434-2106",
        "address": "937 Glen Street, Basye, Ohio, 6781",
        "registered": "Monday, July 20, 2015 12:05 PM",
        "latitude": "85.267581",
        "longitude": "-4.220733",
        "tags": [
            "id",
            "sit",
            "enim",
            "voluptate",
            "nisi"
        ]
    },
    {
        "_id": 8389,
        "agent_id": 101,
        "guid": "ba706c0e-dd42-4d14-9745-1a9dc9441ea0",
        "isActive": true,
        "balance": "$3,251.85",
        "age": 47,
        "eyeColor": "brown",
        "name": {
            "first": "Amalia",
            "last": "Golden"
        },
        "company": "LETPRO",
        "email": "amalia.golden@letpro.us",
        "phone": "+1 (897) 540-3041",
        "address": "482 Whitwell Place, Noblestown, Missouri, 1539",
        "registered": "Friday, June 2, 2017 8:01 AM",
        "latitude": "-5.159751",
        "longitude": "-65.252759",
        "tags": [
            "ad",
            "nulla",
            "consectetur",
            "sunt",
            "sit"
        ]
    },
    {
        "_id": 5420,
        "agent_id": 467,
        "guid": "894102e7-f322-471c-bff6-135cd931dbae",
        "isActive": false,
        "balance": "$1,291.17",
        "age": 38,
        "eyeColor": "brown",
        "name": {
            "first": "Diann",
            "last": "Woodard"
        },
        "company": "KONGLE",
        "email": "diann.woodard@kongle.com",
        "phone": "+1 (851) 454-3720",
        "address": "371 Veranda Place, Woodruff, Illinois, 5931",
        "registered": "Thursday, November 6, 2014 7:52 PM",
        "latitude": "87.101933",
        "longitude": "154.153243",
        "tags": [
            "esse",
            "elit",
            "labore",
            "adipisicing",
            "sunt"
        ]
    },
    {
        "_id": 7909,
        "agent_id": 1987,
        "guid": "cfe382f1-a84e-4bf0-8a0c-d77aa5497b38",
        "isActive": true,
        "balance": "$3,492.48",
        "age": 68,
        "eyeColor": "blue",
        "name": {
            "first": "Evans",
            "last": "Kaufman"
        },
        "company": "ZYTRAX",
        "email": "evans.kaufman@zytrax.name",
        "phone": "+1 (935) 561-2793",
        "address": "462 Lincoln Road, Russellville, Indiana, 6886",
        "registered": "Friday, July 28, 2017 4:18 PM",
        "latitude": "-88.437668",
        "longitude": "116.586165",
        "tags": [
            "aliqua",
            "quis",
            "adipisicing",
            "exercitation",
            "anim"
        ]
    },
    {
        "_id": 6225,
        "agent_id": 101,
        "guid": "0f7d599c-ac89-4580-9bfb-d1a7947b97de",
        "isActive": true,
        "balance": "$1,253.66",
        "age": 51,
        "eyeColor": "green",
        "name": {
            "first": "Irma",
            "last": "Roman"
        },
        "company": "BEADZZA",
        "email": "irma.roman@beadzza.info",
        "phone": "+1 (934) 443-2067",
        "address": "567 Pitkin Avenue, Barrelville, New Jersey, 3596",
        "registered": "Wednesday, October 25, 2017 3:30 PM",
        "latitude": "69.446672",
        "longitude": "83.647644",
        "tags": [
            "eu",
            "anim",
            "aliqua",
            "mollit",
            "dolore"
        ]
    },
    {
        "_id": 5854,
        "agent_id": 101,
        "guid": "574e0dd4-547d-40fa-b699-63b58ad0e66d",
        "isActive": true,
        "balance": "$1,892.16",
        "age": 57,
        "eyeColor": "brown",
        "name": {
            "first": "Harmon",
            "last": "Bray"
        },
        "company": "INTERGEEK",
        "email": "harmon.bray@intergeek.co.uk",
        "phone": "+1 (916) 415-3937",
        "address": "678 Wyona Street, Shindler, Delaware, 1799",
        "registered": "Monday, August 24, 2015 5:29 AM",
        "latitude": "68.015535",
        "longitude": "107.565725",
        "tags": [
            "ipsum",
            "laboris",
            "nostrud",
            "anim",
            "proident"
        ]
    },
    {
        "_id": 2682,
        "agent_id": 321,
        "guid": "593b5a8a-8830-4089-bb00-a1e5a4e9ffe7",
        "isActive": true,
        "balance": "$1,380.87",
        "age": 67,
        "eyeColor": "brown",
        "name": {
            "first": "Jaime",
            "last": "Chambers"
        },
        "company": "QUAREX",
        "email": "jaime.chambers@quarex.net",
        "phone": "+1 (886) 427-2707",
        "address": "688 Reed Street, Coaldale, Alabama, 8148",
        "registered": "Sunday, August 21, 2016 9:17 PM",
        "latitude": "64.720929",
        "longitude": "-6.632349",
        "tags": [
            "ut",
            "amet",
            "deserunt",
            "laborum",
            "eiusmod"
        ]
    },
    {
        "_id": 4884,
        "agent_id": 467,
        "guid": "fa7299c8-d079-4c9c-8179-3d05e0297c23",
        "isActive": true,
        "balance": "$2,696.51",
        "age": 22,
        "eyeColor": "blue",
        "name": {
            "first": "Deloris",
            "last": "Garrison"
        },
        "company": "HARMONEY",
        "email": "deloris.garrison@harmoney.biz",
        "phone": "+1 (901) 462-3257",
        "address": "811 Irving Street, Gibbsville, Tennessee, 8268",
        "registered": "Thursday, January 12, 2017 12:55 AM",
        "latitude": "45.347761",
        "longitude": "119.339133",
        "tags": [
            "laborum",
            "cillum",
            "laborum",
            "duis",
            "velit"
        ]
    },
    {
        "_id": 2354,
        "agent_id": 101,
        "guid": "56e3aa2b-7c7d-438c-b1ca-7861eac7dcc3",
        "isActive": true,
        "balance": "$1,933.48",
        "age": 31,
        "eyeColor": "brown",
        "name": {
            "first": "Marsha",
            "last": "George"
        },
        "company": "DOGNOSIS",
        "email": "marsha.george@dognosis.ca",
        "phone": "+1 (824) 479-2374",
        "address": "953 McKibbin Street, Coventry, Florida, 2823",
        "registered": "Friday, October 31, 2014 2:17 PM",
        "latitude": "70.299862",
        "longitude": "60.4194",
        "tags": [
            "commodo",
            "ipsum",
            "excepteur",
            "officia",
            "officia"
        ]
    },
    {
        "_id": 7266,
        "agent_id": 1987,
        "guid": "4c77e986-5d47-4464-a7f5-ee5e070d4aec",
        "isActive": false,
        "balance": "$3,088.13",
        "age": 32,
        "eyeColor": "brown",
        "name": {
            "first": "Graves",
            "last": "Briggs"
        },
        "company": "UNIWORLD",
        "email": "graves.briggs@uniworld.org",
        "phone": "+1 (829) 537-3632",
        "address": "926 Lincoln Avenue, Fairforest, Colorado, 8856",
        "registered": "Monday, December 24, 2018 6:49 AM",
        "latitude": "74.155951",
        "longitude": "46.099708",
        "tags": [
            "in",
            "consequat",
            "ea",
            "irure",
            "magna"
        ]
    },
    {
        "_id": 1889,
        "agent_id": 467,
        "guid": "f7489c58-2816-44d8-b800-fa9d1f44aca0",
        "isActive": false,
        "balance": "$2,657.47",
        "age": 33,
        "eyeColor": "green",
        "name": {
            "first": "Solis",
            "last": "Decker"
        },
        "company": "VALPREAL",
        "email": "solis.decker@valpreal.biz",
        "phone": "+1 (992) 542-2711",
        "address": "193 Grove Place, Warren, Michigan, 6954",
        "registered": "Tuesday, February 14, 2017 6:14 PM",
        "latitude": "-58.511774",
        "longitude": "-26.099681",
        "tags": [
            "esse",
            "culpa",
            "culpa",
            "sit",
            "exercitation"
        ]
    }
]